pid,track_name,artist_name
pid_28,Ncx9lots02,Vywdm
pid_52,Jrumf9tjus,Nh6q6
pid_21,Mm8yonb4vz,M84y6
pid_19,Y6dbw57k4d,C6rme
pid_34,4hhargt0yl,34bjk
pid_55,B54s3q97n9,Gv8wc
pid_76,18epyf44ap,N7fp8
pid_100,Y4v2a98iom,Nm4lq
pid_34,Zkpltvng3w,06532
pid_59,X3nt78ggjq,E4207
pid_59,Yy035oz4fu,8d3nc
pid_99,8k16khlfeg,Le228
pid_75,D3vx50z4p2,1s3l0
pid_33,Tq48tn6pc1,999xc
pid_2,Xen1b3no3t,C6rme
pid_49,Xe311r4qw0,E4207
pid_58,Kwslqun0q9,Ei7i2
pid_36,18epyf44ap,9lire
pid_5,O1dw0m70bu,962oo
pid_71,2ilk4c3xgy,Cxuxd
pid_98,Xo33o0quv8,Vmz81
pid_99,J2qulxfkcs,Jljw4
pid_10,G9o7oa71fu,73mz9
pid_47,I8qzqg9s4d,Y689b
pid_82,O5xc36hlrh,1lic8
pid_27,9xz4tn8wme,Gvc3a
pid_63,Xo33o0quv8,Wkhl5
pid_62,J2qulxfkcs,Aiddy
pid_48,Y55toqzr07,Dbfor
pid_29,29jviwr1l7,Jhbpk
pid_44,77fcoqd3yw,9qwrl
pid_35,6mk334bd93,N97ov
pid_48,X7sc8bij1h,N7fp8
pid_92,7o1fq1rfrc,1oohy
pid_25,Cp324g2ege,2uda6
pid_9,65z7b5mn5p,J6exe
pid_67,4hhargt0yl,586is
pid_87,Htwo9ag79n,Bzcg5
pid_88,N83vrmx5c2,Y689b
pid_43,7o1fq1rfrc,Wn5px
pid_53,Rbyswg0n2a,Mol6m
pid_48,9lwma77eou,P717c
pid_20,My83nhhtvx,R94yv
pid_80,Yy035oz4fu,Kwbwc
pid_76,Htwo9ag79n,8d3nc
pid_76,0cv2vmlaxh,Le228
pid_12,G62t6bdvo5,Ca9ns
pid_82,8k16khlfeg,Wn5px
pid_3,Hxqvib7mxf,Vywdm
pid_19,Hvymfe7989,Qex1j
pid_85,Yy035oz4fu,3qk5j
pid_51,O6x0039nuh,Qex1j
pid_28,Xen1b3no3t,F2t7w
pid_15,25zmxknuqs,V0raj
pid_82,6mk334bd93,E4207
pid_67,Pa8p2nmkqj,3qk5j
pid_58,O6x0039nuh,0enbr
pid_55,Ncx9lots02,Ca9ns
pid_87,60k8g49qpn,Ei7i2
pid_29,H6s3txymnh,192nk
pid_46,25zmxknuqs,Y689b
pid_44,Pdst9j8h1v,H9lbr
pid_40,P1zool0tjs,16mez
pid_28,Y8tj8785i0,1oohy
pid_83,Y6dbw57k4d,P1oe6
pid_20,X3nt78ggjq,Cx5ez
pid_42,O1dw0m70bu,Cx5ez
pid_8,X9yik1ej0w,Bzcg5
pid_35,Cphsyvks6s,Lk3s3
pid_40,Y4v2a98iom,Nm4lq
pid_96,O6x0039nuh,Jhbpk
pid_17,Rubb7bl56k,Cx5ez
pid_17,9tvec8z4kd,Gvc3a
pid_70,Tdn1jkwdq6,21y7x
pid_7,Cc2x1b3q14,Wn5px
pid_96,9r4n7x50jw,Kh291
pid_32,X7sc8bij1h,Fqj7i
pid_33,Pysexrmac5,C6rme
pid_13,Xo33o0quv8,79wx1
pid_16,9lwma77eou,Yoc1f
pid_68,Hvymfe7989,26ffa
pid_58,My83nhhtvx,Ca9ns
pid_76,Y8tj8785i0,586is
pid_67,6mk334bd93,Zyqib
pid_21,Bklg09ces3,Lk3s3
pid_58,Y55toqzr07,Hzq7t
pid_72,0cv2vmlaxh,C6rme
pid_37,18epyf44ap,Wydtd
pid_28,5yg1xubwuz,7mwvc
pid_5,Fzthh9hhaq,8d3nc
pid_91,Guevbyeqpw,Y689b
pid_82,Xrfyjt43k0,Izhv2
pid_24,X7sc8bij1h,34bjk
pid_3,9r4n7x50jw,999xc
pid_73,Kwslqun0q9,Wm6x9
pid_40,Pq1fkg2jwa,Nn1f5
pid_54,Xe311r4qw0,Dbfor
pid_4,A0t6p7m2ou,P717c
pid_58,Yata2ka176,Cxuxd
pid_86,Htwo9ag79n,Yne73
pid_4,X7tfzey7ux,Yoc1f
pid_74,Hzg8s7ezxh,Xdqeq
pid_10,18epyf44ap,1s3l0
pid_57,Ncx9lots02,J6exe
pid_76,B54s3q97n9,Nm4lq
pid_49,Jfftavorib,Aiddy
pid_24,2ld9mydw5g,15dy9
pid_67,Xwsy2r69be,Rlvdb
pid_30,3vfd6d7mxb,Ei7i2
pid_97,Gj4jb8zfuk,0enbr
pid_94,Qo7dgm7ytz,Avytc
pid_10,Rbyswg0n2a,V1si4
pid_93,Y8tj8785i0,Hachl
pid_30,Zkpltvng3w,Dbfor
pid_6,0cv2vmlaxh,F2t7w
pid_9,X3nt78ggjq,Wn5px
pid_39,X7tfzey7ux,06532
pid_6,Bklg09ces3,R94yv
pid_77,Tdn1jkwdq6,M84y6
pid_82,2bo24ng5i6,Jnqnw
pid_42,9lwma77eou,Lk3s3
pid_83,0re0rswcoz,1lic8
pid_78,A0t6p7m2ou,Zyqib
pid_49,H6s3txymnh,Bzcg5
pid_71,Cc2x1b3q14,Zyqib
pid_76,Cphsyvks6s,Nm4lq
pid_36,Nx49uod4c6,5w9cj
pid_45,8gbvte9h3h,Bzcg5
pid_32,I8qzqg9s4d,E4207
pid_8,Bklg09ces3,Zyqib
pid_12,Pdst9j8h1v,Avytc
pid_90,Pdst9j8h1v,Y689b
pid_49,Y4v2a98iom,2g48s
pid_69,Cdnznwaix3,5w9cj
pid_97,Xrfyjt43k0,V0raj
pid_86,O6x0039nuh,Gvc3a
pid_62,Rbyswg0n2a,7mwvc
pid_77,Cp324g2ege,Xdqeq
pid_99,N83vrmx5c2,Wydtd
pid_18,C7map247rl,34bjk
pid_61,G62t6bdvo5,V1si4
pid_50,2ilk4c3xgy,Fqj7i
pid_90,Jrumf9tjus,N7fp8
pid_67,5yg1xubwuz,Bcbpn
pid_65,Wthuvuvf6n,2g48s
pid_25,Qo7dgm7ytz,N7fp8
pid_43,9tvec8z4kd,Wydtd
pid_94,Saaxw17q97,V1si4
pid_80,Cc2x1b3q14,Psadl
pid_51,Zn3aec44l2,06532
pid_49,9xz4tn8wme,Aiddy
pid_5,9lwma77eou,N7fp8
pid_93,Y4v2a98iom,192nk
pid_23,Hzg8s7ezxh,Gv8wc
pid_65,Jfftavorib,2g48s
pid_96,C7map247rl,Xuthz
pid_24,Xen1b3no3t,Mpkfz
pid_33,Y4v2a98iom,Nn1f5
pid_43,Nytoa3v8pa,Yne73
pid_59,I8qzqg9s4d,Gvc3a
pid_30,H6s3txymnh,Wkhl5
pid_83,Y55toqzr07,H3672
pid_97,X9yik1ej0w,95a67
pid_61,Rbyswg0n2a,Gvc3a
pid_24,X9yik1ej0w,2g48s
pid_35,H6s3txymnh,26ffa
pid_1,C7map247rl,Gnwc5
pid_16,Jrumf9tjus,1s3l0
pid_73,9lwma77eou,N7fp8
pid_69,Xwsy2r69be,H9lbr
pid_5,Saaxw17q97,Wm6x9
pid_59,X3nt78ggjq,Xdqeq
pid_43,2ilk4c3xgy,Ca9ns
pid_25,2bo24ng5i6,Aiddy
pid_2,Cp324g2ege,Fqj7i
pid_52,Di4ytrwvlz,Wkhl5
pid_27,Nx49uod4c6,6ijeq
pid_20,X7sc8bij1h,Dbfor
pid_21,Yhioxmxe0b,Xdqeq
pid_2,9tvec8z4kd,15dy9
pid_70,P1zool0tjs,586is
pid_63,9lwma77eou,Kh291
pid_59,Pq1fkg2jwa,V1si4
pid_89,Ncx9lots02,J6exe
pid_93,8gzrs29441,Qex1j
pid_95,Pq1fkg2jwa,Gvc3a
pid_92,Tq48tn6pc1,34bjk
pid_25,Zn3aec44l2,9jfzu
pid_93,25zmxknuqs,H9igl
pid_78,8k16khlfeg,962oo
pid_77,N83vrmx5c2,Lk3s3
pid_85,Yata2ka176,Xuthz
pid_65,60k8g49qpn,H9lbr
pid_58,Pq1fkg2jwa,Nn1f5
pid_11,Hzg8s7ezxh,Bcbpn
pid_25,Htwo9ag79n,7mwvc
pid_64,Qo7dgm7ytz,Wn5px
pid_76,X7sc8bij1h,Kwbwc
pid_6,Pysexrmac5,Qex1j
pid_87,Pysexrmac5,J3615
pid_21,Di4ytrwvlz,Mol6m
pid_59,Zt2x97b7if,34bjk
pid_82,Pq1fkg2jwa,Fqj7i
pid_7,Xo33o0quv8,Rg3zn
pid_59,N83vrmx5c2,Ei7i2
pid_77,Hxqvib7mxf,Tlqku
pid_37,Qo7dgm7ytz,586is
pid_1,O1dw0m70bu,Kwbwc
pid_82,C7map247rl,Hzq7t
pid_81,A0t6p7m2ou,5w9cj
pid_22,18epyf44ap,0knas
pid_17,Rbyswg0n2a,C6th6
pid_7,5yg1xubwuz,Y689b
pid_63,18epyf44ap,Le228
pid_11,18epyf44ap,Mpkfz
pid_20,Xen1b3no3t,95a67
pid_68,C7map247rl,Psadl
pid_3,Xwsy2r69be,2uda6
pid_95,Cp324g2ege,Xuthz
pid_5,Jfftavorib,Nm4lq
pid_43,Xwsy2r69be,F2t7w
pid_3,S8t578dvio,Gvc3a
pid_33,Tq48tn6pc1,Avytc
pid_67,Tdn1jkwdq6,Zyqib
pid_99,2ilk4c3xgy,V0raj
pid_71,8k16khlfeg,N33iw
pid_4,Xo33o0quv8,Kwbwc
pid_38,Qo7dgm7ytz,Fqj7i
pid_88,Zkpltvng3w,Jhbpk
pid_45,433wgw3mm7,7mwvc
pid_31,X7tfzey7ux,Aiddy
pid_89,6mk334bd93,Hzq7t
pid_42,Lct532utgr,7es66
pid_50,O6x0039nuh,Vywdm
pid_80,Dkxyg4usev,2g48s
pid_15,Pa8p2nmkqj,H9lbr
pid_48,0re0rswcoz,P1oe6
pid_65,S8t578dvio,586is
pid_50,433wgw3mm7,Wm6x9
pid_75,P1zool0tjs,Yoc1f
pid_63,9lwma77eou,C6rme
pid_81,Zn3aec44l2,Xuthz
pid_42,H6s3txymnh,0knas
pid_92,6mk334bd93,Jhbpk
pid_38,3cqkheqtib,5w9cj
pid_46,Dkxyg4usev,Qex1j
pid_87,Di4ytrwvlz,9lire
pid_62,Zt2x97b7if,Bcbpn
pid_23,Jfftavorib,16mez
pid_62,X3nt78ggjq,F2t7w
pid_95,Lct532utgr,Kwbwc
pid_35,Y6dbw57k4d,Nh6q6
pid_80,Hzg8s7ezxh,5w9cj
pid_4,Wthuvuvf6n,Rg3zn
pid_16,Cc2x1b3q14,Gv8wc
pid_46,Guevbyeqpw,Nn1f5
pid_30,Mm8yonb4vz,H9igl
pid_82,J2qulxfkcs,Avytc
pid_80,Xe311r4qw0,962oo
pid_58,C7map247rl,Yoc1f
pid_21,2ld9mydw5g,9jfzu
pid_30,O1dw0m70bu,Jnqnw
pid_7,25zmxknuqs,Nh6q6
pid_12,6mk334bd93,H9igl
pid_89,Fzthh9hhaq,0enbr
pid_48,Nytoa3v8pa,J6exe
pid_20,O1dw0m70bu,Nh6q6
pid_63,Xwsy2r69be,1oohy
pid_25,Rbyswg0n2a,1oohy
pid_35,J2qulxfkcs,Wm6x9
pid_56,Y55toqzr07,Kh291
pid_77,Y8tj8785i0,N33iw
pid_72,Rbyswg0n2a,Yne73
pid_69,Lct532utgr,Vmz81
pid_20,0cv2vmlaxh,Aiddy
pid_84,O1dw0m70bu,2g48s
pid_100,My83nhhtvx,16mez
pid_92,My83nhhtvx,999xc
pid_35,Lct532utgr,Izhv2
pid_24,Di4ytrwvlz,2uda6
pid_25,Cp324g2ege,N7fp8
pid_58,840zwtvp37,1lic8
pid_1,O6x0039nuh,8d3nc
pid_26,Gj4jb8zfuk,Hachl
pid_57,8gbvte9h3h,95a67
pid_42,Y8tj8785i0,Jljw4
pid_15,Qo7dgm7ytz,26ffa
pid_86,Xe311r4qw0,Lk3s3
pid_23,O5xc36hlrh,Wkhl5
pid_19,18epyf44ap,586is
pid_6,Y6dbw57k4d,2uda6
pid_68,8gbvte9h3h,N33iw
pid_8,Yy035oz4fu,Cx5ez
pid_16,9xz4tn8wme,Yne73
pid_92,Ay7o84ly61,N7fp8
pid_12,Xe311r4qw0,Xuthz
pid_44,Y6dbw57k4d,Rtmv5
pid_24,Zkpltvng3w,Le228
pid_67,Nzp9mm12fm,Jo3e4
pid_37,Tq48tn6pc1,9lire
pid_19,P1zool0tjs,Nh6q6
pid_83,Gj4jb8zfuk,Rg3zn
pid_98,Gj4jb8zfuk,Vmz81
pid_86,Xwsy2r69be,Gnwc5
pid_99,Pdst9j8h1v,8d3nc
pid_99,Xo33o0quv8,V1si4
pid_73,77fcoqd3yw,F2t7w
pid_72,G9o7oa71fu,192nk
pid_61,Yata2ka176,C6rme
pid_10,Cphsyvks6s,586is
pid_88,Nytoa3v8pa,Rg3zn
pid_57,Bklg09ces3,N33iw
pid_95,2ld9mydw5g,Vywdm
pid_24,3cqkheqtib,Cxuxd
pid_37,O6x0039nuh,Hachl
pid_41,8k16khlfeg,1oohy
pid_34,O1dw0m70bu,962oo
pid_80,N83vrmx5c2,Avytc
pid_97,2bo24ng5i6,Mpkfz
pid_3,Cp324g2ege,Aiddy
pid_83,2ld9mydw5g,Nh6q6
pid_18,Saaxw17q97,J6exe
pid_3,Tdn1jkwdq6,Xdqeq
pid_99,Jrumf9tjus,C6th6
pid_85,Tdn1jkwdq6,Yoc1f
pid_12,Y8tj8785i0,Kwbwc
pid_41,Xen1b3no3t,Rg3zn
pid_63,Yata2ka176,Avytc
pid_46,2bo24ng5i6,Zyqib
pid_56,S8t578dvio,P717c
pid_24,Zn3aec44l2,1oohy
pid_70,0cv2vmlaxh,Cx5ez
pid_53,Hvymfe7989,Aiddy
pid_18,8gzrs29441,Wydtd
pid_33,65z7b5mn5p,Jljw4
pid_64,Htwo9ag79n,Vywdm
pid_58,Kwslqun0q9,Nh6q6
pid_91,Rbyswg0n2a,H9igl
pid_62,Rubb7bl56k,Hachl
pid_59,A0t6p7m2ou,Avytc
pid_65,Bklg09ces3,Yne73
pid_2,Tq48tn6pc1,79wx1
pid_85,Y4v2a98iom,Rg3zn
pid_87,G9o7oa71fu,Wn5px
pid_62,Qo7dgm7ytz,Fqj7i
pid_2,Zkpltvng3w,7es66
pid_49,Ay7o84ly61,73mz9
pid_20,3cqkheqtib,8d3nc
pid_29,840zwtvp37,H9lbr
pid_73,Nzp9mm12fm,9jfzu
pid_17,N83vrmx5c2,16mez
pid_27,Lct532utgr,34bjk
pid_96,C7map247rl,34bjk
pid_81,9r4n7x50jw,Hzq7t
pid_51,8k16khlfeg,H9igl
pid_11,Guevbyeqpw,Tlqku
pid_49,9lwma77eou,Wkhl5
pid_76,I8qzqg9s4d,R94yv
pid_47,Kwslqun0q9,Izhv2
pid_59,X7sc8bij1h,C6rme
pid_12,Lct532utgr,192nk
pid_66,3vfd6d7mxb,5w9cj
pid_13,8k16khlfeg,Kwbwc
pid_25,Pysexrmac5,Psadl
pid_2,433wgw3mm7,962oo
pid_15,2ilk4c3xgy,Kh291
pid_71,9tvec8z4kd,Wydtd
pid_64,P1zool0tjs,Lk3s3
pid_59,Y6dbw57k4d,C6th6
pid_78,0cv2vmlaxh,H9igl
pid_49,65z7b5mn5p,F2t7w
pid_77,O5xc36hlrh,Psadl
pid_44,Yata2ka176,C6rme
pid_85,9lwma77eou,Rtmv5
pid_77,25zmxknuqs,Qex1j
pid_64,Y8tj8785i0,5s802
pid_19,Cc2x1b3q14,Xuthz
pid_44,433wgw3mm7,Cxuxd
pid_47,Nytoa3v8pa,Xdqeq
pid_20,Ncx9lots02,26ffa
pid_10,Y55toqzr07,H3672
pid_63,X7tfzey7ux,Zyqib
pid_8,Yata2ka176,Rlvdb
pid_24,65z7b5mn5p,Jhbpk
pid_57,Jrumf9tjus,Yne73
pid_32,X3nt78ggjq,Tlqku
pid_2,S8t578dvio,N7fp8
pid_88,Dkxyg4usev,8d3nc
pid_20,My83nhhtvx,Jo3e4
pid_8,Ncx9lots02,Wkhl5
pid_40,Tdn1jkwdq6,Bcbpn
pid_33,Cc2x1b3q14,Wkhl5
pid_93,65z7b5mn5p,1s3l0
pid_42,Hzg8s7ezxh,Qex1j
pid_67,Fzthh9hhaq,Jnqnw
pid_66,Bg17uymcz7,Wn5px
pid_4,Yy035oz4fu,Gnwc5
pid_38,Pdst9j8h1v,5w9cj
pid_50,Yhioxmxe0b,2uda6
pid_42,Zt2x97b7if,Nn1f5
pid_82,Pdst9j8h1v,9qwrl
pid_96,P1zool0tjs,3qk5j
pid_93,Htwo9ag79n,Cx5ez
pid_28,O5xc36hlrh,192nk
pid_71,77fcoqd3yw,8d3nc
pid_27,X7sc8bij1h,95a67
pid_74,Xo33o0quv8,Rtmv5
pid_41,Nzp9mm12fm,P1oe6
pid_10,Xrfyjt43k0,1lic8
pid_45,Gj4jb8zfuk,V0raj
pid_69,Kwslqun0q9,Jo3e4
pid_89,Htwo9ag79n,Jljw4
pid_2,9r4n7x50jw,Gv8wc
pid_28,6mk334bd93,Rtmv5
pid_94,O5xc36hlrh,Dbfor
pid_75,S8t578dvio,1s3l0
pid_52,Yy035oz4fu,Wm6x9
pid_97,2ilk4c3xgy,M84y6
pid_16,Xen1b3no3t,Izhv2
pid_27,Bklg09ces3,Iarw8
pid_50,Xwsy2r69be,5w9cj
pid_49,Mm8yonb4vz,H3672
pid_11,X9yik1ej0w,Yoc1f
pid_7,Hzg8s7ezxh,M84y6
pid_14,Nytoa3v8pa,5yf2x
pid_77,Dkxyg4usev,95a67
pid_73,Pq1fkg2jwa,Hzq7t
pid_5,Y95alc7apq,Y689b
pid_32,3vfd6d7mxb,Zyqib
pid_72,G62t6bdvo5,5yf2x
pid_25,Mm8yonb4vz,Kh291
pid_39,Zt2x97b7if,Nn1f5
pid_88,8k16khlfeg,C6rme
pid_25,Pa8p2nmkqj,34bjk
pid_44,Zt2x97b7if,0knas
pid_25,18epyf44ap,Bzcg5
pid_77,6mk334bd93,E4207
pid_86,Rubb7bl56k,Jnqnw
pid_73,Pdst9j8h1v,Qex1j
pid_43,Xe311r4qw0,Zyqib
pid_23,5yg1xubwuz,Y689b
pid_20,Ncx9lots02,Qex1j
pid_26,Ay7o84ly61,Yne73
pid_58,2ld9mydw5g,7es66
pid_3,O5xc36hlrh,E4207
pid_1,Rbyswg0n2a,1lic8
pid_18,Dkxyg4usev,Gnwc5
pid_63,P1zool0tjs,73mz9
pid_73,2lrhi2vrbm,Kh291
pid_15,Lct532utgr,M84y6
pid_27,Pq1fkg2jwa,Rtmv5
pid_33,Xe311r4qw0,J3615
pid_45,0cv2vmlaxh,M84y6
pid_77,Bg17uymcz7,M84y6
pid_96,D3vx50z4p2,Bzcg5
pid_76,Y6dbw57k4d,Yne73
pid_35,0re0rswcoz,Le228
pid_46,P1zool0tjs,H9lbr
pid_24,77fcoqd3yw,Ei7i2
pid_15,7o1fq1rfrc,Wm6x9
pid_75,G62t6bdvo5,8zxd3
pid_97,X3nt78ggjq,Bcbpn
pid_88,2lrhi2vrbm,V0raj
pid_19,N83vrmx5c2,Jljw4
pid_16,Hzg8s7ezxh,Qex1j
pid_67,H6s3txymnh,Aiddy
pid_14,29jviwr1l7,P717c
pid_43,X9yik1ej0w,Izhv2
pid_17,Hvymfe7989,Psadl
pid_12,Pq1fkg2jwa,7es66
pid_69,Cphsyvks6s,C6rme
pid_26,Di4ytrwvlz,J3615
pid_55,Zn3aec44l2,Lk3s3
pid_68,Jrumf9tjus,V0raj
pid_99,Zkpltvng3w,Yoc1f
pid_32,2ld9mydw5g,Vmz81
pid_95,8k16khlfeg,1lic8
pid_75,60k8g49qpn,Zyqib
pid_1,Y95alc7apq,N7fp8
pid_100,25zmxknuqs,5w9cj
pid_35,Mm8yonb4vz,Yoc1f
pid_8,Yata2ka176,Xuthz
pid_80,Dkxyg4usev,21y7x
pid_41,Wthuvuvf6n,Cxuxd
pid_86,Rbyswg0n2a,15dy9
pid_57,7o1fq1rfrc,Wn5px
pid_22,Yy035oz4fu,1s3l0
pid_87,S8t578dvio,Rlvdb
pid_2,Pa8p2nmkqj,Tlqku
pid_71,Hzg8s7ezxh,15dy9
pid_68,3cqkheqtib,Cxuxd
pid_38,B54s3q97n9,N33iw
pid_67,Y6dbw57k4d,95a67
pid_5,9tvec8z4kd,Bzcg5
pid_98,9r4n7x50jw,Yoc1f
pid_35,A0t6p7m2ou,N33iw
pid_76,Y6dbw57k4d,Wn5px
pid_71,Y55toqzr07,586is
pid_83,G62t6bdvo5,1s3l0
pid_17,6mk334bd93,21y7x
